Date,Open Interest,Noncommercial Long,Noncommercial Short,Noncommercial Spreads,Commercial Long,Commercial Short,Total Long,Total Short,Nonreportable Positions Long,Nonreportable Positions Short
2014-12-16,15735.0,2361.0,500.0,45.0,6748.0,14508.0,9154.0,15053.0,6581.0,683.0
2014-12-09,12819.0,2411.0,615.0,4.0,6920.0,11580.0,9335.0,12199.0,3484.0,620.0
2014-03-18,14126.0,4052.0,415.0,0.0,8861.0,13145.0,12913.0,13560.0,1213.0,566.0
2014-02-11,13389.0,3895.0,500.0,0.0,8459.0,11343.0,12354.0,11843.0,1035.0,1546.0
2013-12-17,16827.0,4018.0,320.0,461.0,11145.0,14964.0,15624.0,15745.0,1203.0,1082.0
2013-12-10,14568.0,3970.0,522.0,41.0,8927.0,13445.0,12938.0,14008.0,1629.0,559.0
2013-12-03,14572.0,3985.0,522.0,9.0,8927.0,13445.0,12921.0,13976.0,1651.0,596.0
2013-11-26,13824.0,4148.0,320.0,1.0,8179.0,12697.0,12328.0,13018.0,1496.0,806.0
2013-11-19,14011.0,4120.0,320.0,2.0,8429.0,12947.0,12551.0,13269.0,1461.0,743.0
2013-11-12,13942.0,4115.0,320.0,2.0,8529.0,12947.0,12646.0,13269.0,1296.0,673.0
2013-11-05,13616.0,4167.0,645.0,1.0,7829.0,12447.0,11997.0,13093.0,1619.0,523.0
2013-10-29,12843.0,4155.0,627.0,1.0,7109.0,11727.0,11265.0,12355.0,1578.0,488.0
2013-10-22,12608.0,4171.0,642.0,1.0,6859.0,11477.0,11032.0,12120.0,1576.0,488.0
2013-10-15,11571.0,4185.0,644.0,2.0,5659.0,10478.0,9847.0,11124.0,1724.0,446.0
2013-09-17,16258.0,2811.0,1024.0,1036.0,7092.0,12541.0,10939.0,14601.0,5319.0,1657.0
2013-09-10,13681.0,2568.0,230.0,3.0,6209.0,12158.0,8780.0,12391.0,4901.0,1290.0
2013-03-12,21412.0,2092.0,197.0,801.0,16923.0,17173.0,19815.0,18171.0,1596.0,3241.0
2012-12-18,16356.0,7207.0,79.0,338.0,7696.0,14745.0,15241.0,15162.0,1116.0,1195.0
2012-06-12,24012.0,5355.0,1129.0,187.0,15388.0,17195.0,20930.0,18511.0,3082.0,5501.0
2012-06-05,20582.0,5238.0,1140.0,43.0,13884.0,15595.0,19165.0,16778.0,1417.0,3804.0
2012-05-29,17526.0,5241.0,1149.0,17.0,10846.0,12623.0,16104.0,13788.0,1422.0,3738.0
2012-05-22,16263.0,5208.0,2137.0,20.0,9611.0,11329.0,14839.0,13486.0,1424.0,2777.0
2012-03-13,20082.0,2851.0,2224.0,1913.0,13328.0,14455.0,18092.0,18592.0,1990.0,1490.0
2011-12-13,26843.0,3228.0,761.0,3961.0,17898.0,19151.0,25087.0,23873.0,1757.0,2970.0
2011-12-06,18747.0,3006.0,1256.0,440.0,13642.0,14368.0,17088.0,16064.0,1659.0,2683.0
2011-11-29,17715.0,3029.0,1236.0,425.0,12642.0,13387.0,16097.0,15048.0,1618.0,2667.0
2011-11-22,17687.0,3019.0,1218.0,425.0,12642.0,13392.0,16086.0,15036.0,1602.0,2652.0
2011-11-01,14874.0,3251.0,1224.0,205.0,9543.0,9778.0,12999.0,11207.0,1875.0,3666.0
2011-10-25,14447.0,3297.0,1249.0,204.0,9145.0,9380.0,12646.0,10833.0,1801.0,3614.0
2011-10-18,12466.0,3146.0,1249.0,3.0,7733.0,10164.0,10882.0,11416.0,1584.0,1050.0
2011-10-04,12424.0,2964.0,1359.0,5.0,7733.0,10174.0,10702.0,11538.0,1722.0,886.0
2011-09-27,13696.0,2958.0,1349.0,4.0,9276.0,11573.0,12238.0,12926.0,1458.0,770.0
2011-09-13,15903.0,2168.0,2482.0,937.0,9819.0,10541.0,12924.0,13960.0,2979.0,1943.0
2011-09-06,14269.0,2464.0,2460.0,38.0,9002.0,9721.0,11504.0,12219.0,2765.0,2050.0
2011-08-30,13888.0,2526.0,2450.0,46.0,9002.0,9711.0,11574.0,12207.0,2314.0,1681.0
2011-08-23,13834.0,2470.0,2460.0,38.0,9002.0,9711.0,11510.0,12209.0,2324.0,1626.0
2011-08-16,13679.0,2407.0,2258.0,36.0,8749.0,9458.0,11192.0,11752.0,2487.0,1926.0
2011-08-09,17091.0,2839.0,756.0,37.0,11752.0,14242.0,14628.0,15035.0,2463.0,2057.0
2011-08-02,17805.0,4676.0,756.0,35.0,10755.0,15448.0,15466.0,16239.0,2339.0,1565.0
2011-07-26,17805.0,4680.0,756.0,32.0,11255.0,15448.0,15967.0,16236.0,1838.0,1568.0
2011-07-19,15750.0,4628.0,758.0,32.0,9256.0,13434.0,13916.0,14224.0,1834.0,1526.0
2011-07-12,14666.0,4279.0,758.0,33.0,7758.0,12412.0,12070.0,13203.0,2596.0,1463.0
2011-06-14,26271.0,3293.0,1169.0,1239.0,12430.0,20733.0,16962.0,23141.0,9309.0,3130.0
2011-06-07,20628.0,3179.0,1419.0,16.0,8187.0,16490.0,11382.0,17925.0,9246.0,2703.0
2011-05-31,24352.0,3030.0,1437.0,9.0,12123.0,20494.0,15162.0,21940.0,9190.0,2412.0
2011-05-24,24479.0,3084.0,1452.0,9.0,12123.0,20494.0,15216.0,21955.0,9263.0,2524.0
2011-05-17,24381.0,2819.0,1405.0,8.0,12123.0,20496.0,14950.0,21909.0,9431.0,2472.0
2011-03-15,14926.0,2965.0,250.0,283.0,8654.0,10442.0,11902.0,10975.0,3024.0,3951.0
2011-03-08,13864.0,4258.0,763.0,54.0,7536.0,10621.0,11848.0,11438.0,2016.0,2426.0
2011-03-01,12807.0,4122.0,811.0,0.0,6698.0,9783.0,10820.0,10594.0,1987.0,2213.0
2011-02-22,11854.0,3326.0,753.0,0.0,6582.0,8839.0,9908.0,9592.0,1946.0,2262.0
2011-02-15,11558.0,3050.0,513.0,0.0,6574.0,8839.0,9624.0,9352.0,1934.0,2206.0
2011-02-08,10792.0,2797.0,476.0,0.0,6191.0,8044.0,8988.0,8520.0,1804.0,2272.0
2011-02-01,10639.0,2653.0,465.0,0.0,6191.0,8044.0,8844.0,8509.0,1795.0,2130.0
2010-09-07,10163.0,2464.0,3165.0,10.0,5627.0,3083.0,8101.0,6258.0,2062.0,3905.0
2010-06-15,16073.0,1599.0,922.0,1077.0,9105.0,10511.0,11781.0,12510.0,4292.0,3563.0
2010-06-08,13011.0,1531.0,471.0,0.0,7684.0,9305.0,9215.0,9776.0,3796.0,3235.0
2010-06-01,12840.0,1207.0,663.0,0.0,7684.0,9305.0,8891.0,9968.0,3949.0,2872.0
2010-05-25,12668.0,2134.0,411.0,0.0,7684.0,9305.0,9818.0,9716.0,2850.0,2952.0
2010-03-16,15620.0,3575.0,1889.0,331.0,8751.0,9829.0,12657.0,12049.0,2963.0,3571.0
2010-03-09,14025.0,3478.0,1765.0,3.0,8010.0,8989.0,11491.0,10757.0,2533.0,3267.0
2010-03-02,13974.0,3414.0,1377.0,3.0,8166.0,8992.0,11583.0,10372.0,2391.0,3602.0
2010-02-23,14343.0,3357.0,1497.0,3.0,8668.0,9633.0,12028.0,11133.0,2315.0,3210.0
2010-02-16,14221.0,2646.0,1845.0,3.0,8978.0,9123.0,11627.0,10971.0,2593.0,3250.0
2010-02-09,13661.0,2606.0,1826.0,1.0,8479.0,8624.0,11086.0,10451.0,2575.0,3210.0
2010-02-02,13869.0,2786.0,1854.0,0.0,7791.0,7861.0,10577.0,9715.0,3292.0,4154.0
2010-01-26,13578.0,2840.0,1682.0,0.0,7791.0,6862.0,10631.0,8544.0,2947.0,5034.0
2010-01-19,12614.0,2440.0,2035.0,0.0,7533.0,6856.0,9973.0,8891.0,2641.0,3723.0
2009-12-15,18333.0,3618.0,3165.0,565.0,9005.0,9025.0,13188.0,12755.0,5145.0,5578.0
2009-12-08,15756.0,3493.0,2873.0,14.0,8701.0,9222.0,12208.0,12109.0,3548.0,3647.0
2009-12-01,15678.0,3519.0,2854.0,4.0,8700.0,9222.0,12223.0,12080.0,3455.0,3599.0
2009-11-24,16781.0,3774.0,2617.0,2.0,8700.0,10720.0,12477.0,13339.0,4305.0,3442.0
2009-11-17,17189.0,3602.0,2975.0,324.0,8915.0,10415.0,12841.0,13714.0,4348.0,3475.0
2009-11-09,16880.0,3322.0,2683.0,393.0,8805.0,10494.0,12520.0,13570.0,4361.0,3310.0
2009-11-03,15938.0,2880.0,2404.0,81.0,8733.0,10490.0,11695.0,12975.0,4244.0,2964.0
2009-10-27,14504.0,3304.0,2116.0,40.0,7730.0,9476.0,11074.0,11632.0,3430.0,2872.0
2009-10-20,13893.0,2726.0,1568.0,80.0,7493.0,9361.0,10300.0,11008.0,3593.0,2885.0
2009-10-13,13591.0,3558.0,1402.0,4.0,6954.0,9348.0,10516.0,10754.0,3075.0,2837.0
2009-10-06,13487.0,3201.0,1343.0,6.0,6950.0,9355.0,10157.0,10703.0,3331.0,2784.0
2009-09-15,16889.0,2486.0,1955.0,527.0,8444.0,9817.0,11457.0,12299.0,5432.0,4590.0
2009-09-08,14164.0,2193.0,1917.0,10.0,7675.0,8773.0,9877.0,10699.0,4286.0,3464.0
2009-09-01,13432.0,1948.0,1657.0,23.0,6632.0,7269.0,8603.0,8949.0,4829.0,4484.0
2009-08-25,11766.0,1876.0,1583.0,14.0,5469.0,6099.0,7359.0,7696.0,4407.0,4070.0
2009-08-18,12347.0,2533.0,1555.0,40.0,6147.0,7578.0,8720.0,9174.0,3627.0,3174.0
2009-08-11,12224.0,2396.0,1213.0,38.0,6404.0,7798.0,8839.0,9049.0,3385.0,3175.0
2009-08-04,12214.0,2223.0,1195.0,3.0,6443.0,7798.0,8669.0,8996.0,3545.0,3218.0
2009-07-28,11793.0,2169.0,1162.0,3.0,6409.0,7805.0,8581.0,8970.0,3211.0,2823.0
2009-07-14,12394.0,1681.0,2333.0,3.0,7418.0,7239.0,9102.0,9575.0,3292.0,2819.0
2009-06-16,28168.0,7044.0,1301.0,466.0,13621.0,20627.0,21131.0,22394.0,7038.0,5774.0
2009-06-09,25708.0,5894.0,1420.0,26.0,14024.0,19742.0,19944.0,21188.0,5764.0,4519.0
2009-06-02,25112.0,5319.0,1468.0,23.0,13742.0,18513.0,19084.0,20004.0,6029.0,5109.0
2009-05-26,19247.0,3968.0,1726.0,30.0,9852.0,13549.0,13850.0,15305.0,5397.0,3942.0
2009-05-19,14003.0,3913.0,1714.0,30.0,4605.0,8109.0,8548.0,9853.0,5455.0,4150.0
2009-05-12,14294.0,3983.0,2544.0,24.0,5164.0,7973.0,9171.0,10541.0,5124.0,3753.0
2009-05-05,13660.0,3481.0,1675.0,98.0,5105.0,7798.0,8684.0,9571.0,4976.0,4089.0
2009-04-28,12014.0,3187.0,1348.0,99.0,4706.0,6826.0,7992.0,8273.0,4022.0,3741.0
2009-04-21,10208.0,2984.0,1599.0,99.0,3258.0,4843.0,6341.0,6541.0,3867.0,3667.0
2009-04-14,10576.0,3698.0,951.0,2.0,3351.0,6172.0,7051.0,7125.0,3525.0,3451.0
2009-04-07,10388.0,3567.0,1089.0,2.0,3380.0,5253.0,6949.0,6344.0,3439.0,4043.0
2009-03-31,8548.0,3479.0,1044.0,0.0,1932.0,3832.0,5411.0,4876.0,3137.0,3672.0
2009-03-24,10080.0,3043.0,786.0,0.0,2472.0,3893.0,5515.0,4679.0,4566.0,5402.0
2009-03-17,27589.0,6073.0,4887.0,1366.0,15332.0,15967.0,22772.0,22221.0,4818.0,5368.0
2009-03-10,27245.0,5854.0,5764.0,1293.0,15435.0,15650.0,22583.0,22707.0,4662.0,4538.0
2009-03-03,26287.0,5413.0,5795.0,689.0,14976.0,16034.0,21077.0,22517.0,5210.0,3770.0
2009-02-24,25211.0,5252.0,4727.0,243.0,14266.0,15324.0,19761.0,20294.0,5450.0,4917.0
2009-02-17,22898.0,4282.0,4813.0,95.0,13573.0,14144.0,17949.0,19051.0,4948.0,3847.0
2009-02-10,21391.0,3577.0,4170.0,87.0,13540.0,13612.0,17204.0,17869.0,4187.0,3523.0
2009-02-03,19014.0,4553.0,4275.0,2.0,10411.0,11333.0,14966.0,15611.0,4048.0,3403.0
2009-01-27,17271.0,4462.0,4142.0,4.0,9704.0,9940.0,14170.0,14086.0,3101.0,3185.0
2009-01-20,16982.0,3552.0,4084.0,5.0,9659.0,9653.0,13216.0,13741.0,3766.0,3240.0
2009-01-13,12583.0,3533.0,3692.0,0.0,5765.0,5379.0,9298.0,9071.0,3285.0,3511.0
2009-01-06,10432.0,2952.0,3713.0,12.0,5694.0,2258.0,8657.0,5983.0,1775.0,4449.0
2008-12-30,9954.0,3080.0,4279.0,27.0,3661.0,2455.0,6767.0,6761.0,3187.0,3194.0
2008-12-22,9537.0,3166.0,4363.0,0.0,3661.0,1957.0,6827.0,6320.0,2710.0,3217.0
2008-12-16,37653.0,14180.0,7133.0,2879.0,15767.0,16600.0,32826.0,26611.0,4827.0,11042.0
2008-12-09,33133.0,13716.0,6986.0,378.0,15656.0,16109.0,29750.0,23473.0,3383.0,9660.0
2008-12-02,33789.0,14147.0,6628.0,327.0,15151.0,16492.0,29625.0,23447.0,4164.0,10342.0
2008-11-25,30783.0,13756.0,6444.0,240.0,12522.0,13814.0,26518.0,20498.0,4264.0,10284.0
2008-11-18,27799.0,13061.0,6239.0,310.0,10751.0,11797.0,24122.0,18346.0,3677.0,9453.0
2008-11-11,27849.0,13000.0,6375.0,335.0,10747.0,11787.0,24082.0,18497.0,3767.0,9352.0
2008-11-04,28303.0,13175.0,5424.0,452.0,10832.0,12491.0,24459.0,18367.0,3844.0,9936.0
2008-10-28,30107.0,12134.0,5739.0,441.0,13062.0,12787.0,25638.0,18967.0,4469.0,11139.0
2008-10-21,27817.0,11274.0,3387.0,353.0,12618.0,14375.0,24245.0,18115.0,3572.0,9702.0
2008-10-14,29582.0,10471.0,3725.0,1100.0,13286.0,14490.0,24858.0,19315.0,4724.0,10267.0
2008-10-07,27968.0,10050.0,4264.0,573.0,11628.0,13570.0,22251.0,18407.0,5717.0,9561.0
2008-09-30,26258.0,9883.0,3006.0,155.0,11143.0,13165.0,21181.0,16326.0,5077.0,9932.0
2008-09-23,24484.0,9182.0,3550.0,82.0,11196.0,11660.0,20461.0,15292.0,4023.0,9192.0
2008-09-16,62342.0,17392.0,14760.0,3931.0,28014.0,23374.0,49337.0,42065.0,13005.0,20276.0
2008-09-09,41228.0,17030.0,14362.0,2421.0,20595.0,15007.0,40046.0,31789.0,1182.0,9439.0
2008-09-02,36909.0,16763.0,14066.0,1813.0,16407.0,14002.0,34983.0,29881.0,1926.0,7028.0
2008-08-26,37295.0,16530.0,14716.0,1771.0,14162.0,11422.0,32463.0,27909.0,4832.0,9386.0
2008-08-19,36045.0,15358.0,15153.0,1285.0,14897.0,10824.0,31540.0,27262.0,4505.0,8783.0
2008-08-12,35833.0,15590.0,14053.0,1609.0,14551.0,11396.0,31751.0,27058.0,4082.0,8775.0
2008-08-05,33251.0,15678.0,14146.0,1254.0,12019.0,8425.0,28950.0,23825.0,4301.0,9427.0
2008-07-29,32739.0,14957.0,14350.0,1216.0,12032.0,8509.0,28205.0,24076.0,4534.0,8663.0
2008-07-22,32414.0,14387.0,14467.0,1184.0,11925.0,8170.0,27497.0,23821.0,4918.0,8594.0
2008-07-15,33437.0,12617.0,15038.0,1343.0,12798.0,8854.0,26758.0,25235.0,6680.0,8202.0
2008-07-08,30498.0,12201.0,13831.0,1213.0,11987.0,8432.0,25401.0,23476.0,5096.0,7021.0
2008-07-01,28461.0,11292.0,12978.0,1218.0,11463.0,7670.0,23973.0,21866.0,4488.0,6595.0
2008-06-24,25756.0,9655.0,11394.0,1040.0,11351.0,8125.0,22046.0,20559.0,3711.0,5197.0
2008-06-17,51717.0,17464.0,14646.0,4960.0,17980.0,20361.0,40404.0,39967.0,11313.0,11750.0
2008-06-10,34400.0,16263.0,13560.0,778.0,11305.0,13961.0,28346.0,28299.0,6054.0,6101.0
2008-06-03,32685.0,16305.0,12966.0,679.0,10826.0,12958.0,27810.0,26602.0,4875.0,6083.0
2008-05-27,32235.0,16841.0,13123.0,565.0,9851.0,12942.0,27257.0,26630.0,4978.0,5605.0
2008-05-20,32810.0,16849.0,13192.0,686.0,9990.0,13072.0,27526.0,26951.0,5285.0,5860.0
2008-05-13,33123.0,17170.0,13000.0,738.0,9510.0,13254.0,27418.0,26992.0,5705.0,6131.0
2008-05-06,31479.0,16807.0,12419.0,701.0,9458.0,12975.0,26966.0,26095.0,4513.0,5384.0
2008-04-29,30760.0,15972.0,11875.0,680.0,9499.0,13185.0,26150.0,25740.0,4610.0,5020.0
2008-04-22,30114.0,15509.0,10890.0,642.0,8844.0,13275.0,24995.0,24807.0,5119.0,5306.0
2008-04-15,30215.0,15209.0,10327.0,630.0,9221.0,14448.0,25059.0,25405.0,5156.0,4810.0
2008-04-08,33100.0,15655.0,9905.0,663.0,8870.0,14653.0,25188.0,25221.0,7912.0,7879.0
2008-04-01,28990.0,16044.0,9609.0,537.0,7880.0,13171.0,24460.0,23316.0,4530.0,5674.0
2008-03-25,25105.0,14108.0,8120.0,407.0,6693.0,11985.0,21208.0,20512.0,3897.0,4593.0
2008-03-18,47131.0,19017.0,14531.0,5766.0,14754.0,15263.0,39536.0,35560.0,7595.0,11571.0
2008-03-11,38317.0,17849.0,14823.0,3006.0,13537.0,13058.0,34391.0,30887.0,3926.0,7430.0
2008-03-04,37253.0,17302.0,14585.0,2457.0,13188.0,12425.0,32948.0,29467.0,4305.0,7785.0
2008-02-26,35201.0,17046.0,13792.0,1629.0,12398.0,11841.0,31073.0,27262.0,4128.0,7939.0
2008-02-19,33982.0,15154.0,12477.0,2107.0,12927.0,11793.0,30187.0,26377.0,3795.0,7605.0
2008-02-12,34928.0,15342.0,12497.0,2389.0,13041.0,12341.0,30772.0,27227.0,4156.0,7701.0
2008-02-05,31780.0,13323.0,12544.0,1660.0,12698.0,10283.0,27681.0,24487.0,4099.0,7293.0
2008-01-29,30879.0,11672.0,12575.0,1699.0,13055.0,10835.0,26427.0,25110.0,4453.0,5770.0
2008-01-22,30464.0,9605.0,14288.0,1785.0,12958.0,8397.0,24348.0,24470.0,6117.0,5995.0
2008-01-15,30321.0,9678.0,14254.0,1510.0,13404.0,8899.0,24592.0,24663.0,5730.0,5658.0
2008-01-08,28534.0,9037.0,14059.0,1518.0,12729.0,8424.0,23284.0,24001.0,5250.0,4533.0
2007-12-31,25428.0,7019.0,13431.0,288.0,12959.0,6914.0,20265.0,20633.0,5163.0,4795.0
2007-12-24,24976.0,7044.0,12974.0,201.0,12714.0,6870.0,19959.0,20045.0,5017.0,4931.0
2007-12-18,45217.0,14699.0,14252.0,1690.0,22156.0,19036.0,38546.0,34978.0,6671.0,10239.0
2007-12-11,40242.0,14935.0,13131.0,1440.0,18196.0,15722.0,34572.0,30293.0,5671.0,9949.0
2007-12-04,37343.0,14403.0,12743.0,1344.0,16507.0,14042.0,32254.0,28129.0,5088.0,9213.0
2007-11-27,37719.0,13507.0,11726.0,1449.0,16937.0,15710.0,31893.0,28885.0,5826.0,8834.0
2007-11-20,37243.0,12963.0,12040.0,1393.0,17609.0,17300.0,31965.0,30733.0,5278.0,6510.0
2007-11-13,38022.0,14238.0,11709.0,1063.0,17034.0,17277.0,32335.0,30049.0,5687.0,7973.0
2007-11-06,35760.0,14315.0,11155.0,767.0,15375.0,16529.0,30456.0,28451.0,5304.0,7309.0
2007-10-30,35602.0,13097.0,10597.0,458.0,17470.0,17661.0,31025.0,28716.0,4577.0,6886.0
2007-10-23,33821.0,11946.0,10089.0,320.0,16990.0,17054.0,29257.0,27463.0,4564.0,6358.0
2007-10-16,32279.0,9384.0,10464.0,556.0,17711.0,17724.0,27650.0,28744.0,4629.0,3535.0
2007-10-09,29818.0,7294.0,7766.0,408.0,17339.0,15532.0,25042.0,23706.0,4776.0,6112.0
2007-10-02,28713.0,7253.0,7339.0,379.0,15309.0,14958.0,22941.0,22676.0,5773.0,6037.0
2007-09-25,25502.0,6959.0,6249.0,350.0,13852.0,13464.0,21162.0,20064.0,4340.0,5438.0
2007-09-18,48973.0,19771.0,15300.0,3470.0,19888.0,21562.0,43129.0,40332.0,5844.0,8642.0
2007-09-11,44124.0,18973.0,15650.0,2227.0,16018.0,18259.0,37218.0,36136.0,6906.0,7988.0
2007-09-04,40596.0,18496.0,15084.0,1378.0,15456.0,17743.0,35331.0,34206.0,5266.0,6390.0
2007-08-28,40447.0,18179.0,15528.0,1280.0,15716.0,17494.0,35175.0,34302.0,5273.0,6146.0
2007-08-21,40438.0,17395.0,15884.0,1416.0,15507.0,16802.0,34318.0,34102.0,6121.0,6336.0
2007-08-14,41787.0,16451.0,14685.0,1967.0,15891.0,17263.0,34310.0,33915.0,7477.0,7871.0
2007-08-07,40484.0,16936.0,13061.0,1419.0,15750.0,17208.0,34104.0,31687.0,6379.0,8796.0
2007-07-31,38327.0,16189.0,12681.0,1544.0,14211.0,16872.0,31944.0,31097.0,6383.0,7230.0
2007-07-24,35976.0,15869.0,11816.0,938.0,13367.0,15154.0,30174.0,27908.0,5802.0,8068.0
2007-07-17,36622.0,14638.0,13089.0,1247.0,14238.0,14576.0,30123.0,28912.0,6499.0,7710.0
2007-07-10,34828.0,13562.0,11801.0,1322.0,14253.0,13109.0,29136.0,26232.0,5692.0,8597.0
2007-07-03,33861.0,12731.0,11225.0,1268.0,14694.0,13042.0,28692.0,25535.0,5168.0,8326.0
2007-06-26,34643.0,13064.0,12753.0,1109.0,14578.0,12197.0,28750.0,26059.0,5893.0,8584.0
2007-06-19,34492.0,11429.0,12937.0,1010.0,15604.0,12086.0,28043.0,26033.0,6449.0,8458.0
2007-06-12,64188.0,24968.0,11597.0,5928.0,21792.0,36730.0,52687.0,54255.0,11501.0,9933.0
2007-06-05,56436.0,26289.0,12970.0,2606.0,18299.0,32070.0,47194.0,47646.0,9242.0,8791.0
2007-05-29,54024.0,24693.0,11040.0,1830.0,18345.0,32329.0,44868.0,45200.0,9156.0,8824.0
2007-05-22,52367.0,24500.0,11400.0,1269.0,17525.0,31430.0,43295.0,44099.0,9073.0,8268.0
2007-05-15,52019.0,23409.0,11190.0,1209.0,18813.0,29855.0,43431.0,42254.0,8588.0,9765.0
2007-05-08,50902.0,22605.0,11369.0,1176.0,18206.0,28554.0,41987.0,41099.0,8915.0,9803.0
2007-05-01,51115.0,24061.0,10240.0,1022.0,18576.0,31256.0,43660.0,42519.0,7455.0,8596.0
2007-04-24,44906.0,19257.0,7252.0,696.0,17894.0,29173.0,37847.0,37121.0,7059.0,7785.0
2007-04-17,43412.0,17200.0,7638.0,615.0,17607.0,28040.0,35422.0,36294.0,7990.0,7118.0
2007-04-10,42578.0,17539.0,7212.0,878.0,17537.0,28136.0,35953.0,36226.0,6625.0,6352.0
2007-04-03,42172.0,17331.0,6866.0,1000.0,17507.0,28119.0,35839.0,35985.0,6334.0,6187.0
2007-03-27,40799.0,16730.0,5480.0,982.0,16802.0,28307.0,34514.0,34769.0,6285.0,6030.0
2007-03-20,40219.0,16538.0,5311.0,879.0,16413.0,28471.0,33830.0,34661.0,6388.0,5558.0
2007-03-13,80292.0,30701.0,6258.0,5289.0,20960.0,60628.0,56950.0,72174.0,23342.0,8118.0
2007-03-06,74428.0,31559.0,5804.0,1730.0,19663.0,59280.0,52952.0,66815.0,21475.0,7613.0
2007-02-27,75972.0,31710.0,6963.0,1007.0,19533.0,60249.0,52250.0,68220.0,23722.0,7753.0
2007-02-20,76047.0,33235.0,7579.0,544.0,19938.0,59683.0,53717.0,67806.0,22330.0,8241.0
2007-02-13,72952.0,29732.0,7180.0,517.0,19827.0,57432.0,50077.0,65129.0,22875.0,7823.0
2007-02-06,72758.0,29773.0,6996.0,518.0,19625.0,57484.0,49916.0,64998.0,22842.0,7760.0
2007-01-30,70995.0,27577.0,5383.0,416.0,19847.0,57068.0,47841.0,62866.0,23155.0,8129.0
2007-01-23,69303.0,26710.0,4841.0,242.0,19528.0,56610.0,46480.0,61693.0,22823.0,7609.0
2007-01-16,67708.0,25682.0,5605.0,691.0,19152.0,54045.0,45525.0,60340.0,22183.0,7367.0
2007-01-09,67900.0,24880.0,7437.0,630.0,18786.0,51505.0,44296.0,59572.0,23604.0,8328.0
2007-01-03,65702.0,24447.0,6694.0,697.0,20392.0,51658.0,45536.0,59048.0,20166.0,6654.0
2006-12-26,66441.0,27585.0,7970.0,596.0,20161.0,51410.0,48342.0,59976.0,18099.0,6465.0
2006-12-19,66871.0,27456.0,7545.0,596.0,20293.0,51275.0,48344.0,59416.0,18527.0,7455.0
2006-12-12,95564.0,20183.0,13909.0,13539.0,33916.0,56060.0,67638.0,83508.0,27926.0,12056.0
2006-12-05,67449.0,18519.0,12736.0,1026.0,21428.0,43663.0,40973.0,57425.0,26476.0,10024.0
2006-11-28,63829.0,18034.0,13351.0,765.0,18679.0,41075.0,37478.0,55191.0,26351.0,8638.0
2006-11-21,63645.0,18878.0,13305.0,704.0,18957.0,40594.0,38538.0,54602.0,25107.0,9043.0
2006-11-14,64507.0,18071.0,13405.0,867.0,19487.0,41448.0,38425.0,55721.0,26083.0,8786.0
2006-11-07,65333.0,18015.0,12289.0,791.0,19478.0,42258.0,38285.0,55338.0,27048.0,9995.0
2006-10-31,64747.0,18467.0,12358.0,910.0,20694.0,42749.0,40071.0,56017.0,24676.0,8730.0
2006-10-24,65344.0,17630.0,12129.0,869.0,20349.0,43034.0,38848.0,56032.0,26496.0,9312.0
2006-10-17,64472.0,17313.0,12065.0,960.0,20249.0,42109.0,38521.0,55134.0,25951.0,9339.0
2006-10-10,63648.0,17088.0,10368.0,1007.0,20218.0,42375.0,38313.0,53750.0,25335.0,9898.0
2006-10-03,61756.0,14943.0,9339.0,950.0,20071.0,42366.0,35964.0,52655.0,25792.0,9101.0
2006-09-26,57610.0,13437.0,7936.0,527.0,18861.0,40660.0,32826.0,49124.0,24784.0,8487.0
2006-09-19,56295.0,11958.0,7458.0,514.0,19214.0,40723.0,31687.0,48695.0,24608.0,7600.0
2006-09-12,79221.0,15026.0,5766.0,11126.0,24252.0,50228.0,50403.0,67119.0,28818.0,12102.0
2006-09-05,63049.0,12185.0,5059.0,1176.0,22189.0,48513.0,35549.0,54748.0,27500.0,8301.0
2006-08-29,61818.0,12670.0,4418.0,763.0,20998.0,48591.0,34430.0,53772.0,27387.0,8046.0
2006-08-22,61176.0,12137.0,4162.0,817.0,21266.0,48416.0,34219.0,53394.0,26957.0,7782.0
2006-08-15,59803.0,12135.0,4146.0,785.0,20931.0,48058.0,33851.0,52990.0,25952.0,6813.0
2006-08-08,60103.0,11302.0,3514.0,923.0,20913.0,48098.0,33138.0,52535.0,26965.0,7568.0
2006-08-01,59589.0,10933.0,3599.0,856.0,21382.0,48383.0,33170.0,52837.0,26419.0,6752.0
2006-07-25,59236.0,11894.0,3390.0,785.0,19460.0,48092.0,32139.0,52267.0,27097.0,6969.0
2006-07-18,58536.0,13929.0,4463.0,1025.0,17057.0,48641.0,32011.0,54130.0,26525.0,4406.0
2006-07-11,56915.0,14339.0,3692.0,695.0,15226.0,45843.0,30260.0,50229.0,26655.0,6686.0
2006-07-03,56213.0,13720.0,3589.0,863.0,15678.0,45669.0,30262.0,50122.0,25951.0,6091.0
2006-06-27,55519.0,13391.0,3447.0,900.0,15055.0,45658.0,29345.0,50005.0,26173.0,5514.0
2006-06-20,56064.0,13535.0,3953.0,781.0,15383.0,45536.0,29698.0,50270.0,26366.0,5795.0
2006-06-13,67357.0,11177.0,6763.0,11162.0,26417.0,40473.0,48755.0,58398.0,18601.0,8959.0
2006-06-06,48689.0,11591.0,7930.0,1336.0,19819.0,33767.0,32746.0,43033.0,15943.0,5656.0
2006-05-30,46692.0,12620.0,7388.0,697.0,19011.0,32351.0,32328.0,40435.0,14364.0,6257.0
2006-05-23,47110.0,12177.0,7585.0,678.0,19459.0,32645.0,32315.0,40908.0,14795.0,6202.0
2006-05-16,49669.0,14752.0,6487.0,751.0,19878.0,31710.0,35382.0,38949.0,14287.0,10720.0
2006-05-09,47631.0,12585.0,7021.0,726.0,21616.0,30695.0,34927.0,38442.0,12705.0,9189.0
2006-05-02,47494.0,13005.0,7292.0,609.0,21764.0,30495.0,35377.0,38396.0,12116.0,9098.0
2006-04-25,46957.0,12056.0,7633.0,612.0,21633.0,30442.0,34301.0,38688.0,12656.0,8269.0
2006-04-18,46049.0,11379.0,7245.0,651.0,20740.0,29936.0,32770.0,37833.0,13279.0,8216.0
2006-04-11,45144.0,10125.0,6890.0,880.0,20880.0,29998.0,31885.0,37768.0,13259.0,7376.0
2006-04-04,41324.0,9921.0,7453.0,715.0,16397.0,25020.0,27033.0,33189.0,14291.0,8135.0
2006-03-28,41090.0,10285.0,7313.0,739.0,15954.0,25214.0,26978.0,33266.0,14111.0,7824.0
2006-03-21,42555.0,10552.0,7522.0,767.0,16079.0,25520.0,27397.0,33809.0,15158.0,8747.0
2006-03-14,58345.0,12282.0,7731.0,8484.0,25727.0,31649.0,46493.0,47864.0,11852.0,10481.0
2006-03-07,45213.0,12085.0,8818.0,659.0,19064.0,26785.0,31808.0,36262.0,13405.0,8951.0
2006-02-28,43484.0,11829.0,8519.0,676.0,17848.0,26516.0,30354.0,35712.0,13130.0,7772.0
2006-02-21,44268.0,12689.0,8769.0,691.0,17706.0,26678.0,31086.0,36138.0,13182.0,8130.0
2006-02-14,40335.0,9672.0,6554.0,622.0,17015.0,25146.0,27309.0,32321.0,13026.0,8014.0
2006-02-07,39994.0,9425.0,7051.0,540.0,17967.0,26037.0,27931.0,33628.0,12063.0,6367.0
2006-01-31,40578.0,9740.0,6050.0,579.0,17320.0,27962.0,27639.0,34591.0,12939.0,5987.0
2006-01-24,40630.0,8853.0,6586.0,495.0,16566.0,27274.0,25914.0,34355.0,14716.0,6276.0
2006-01-17,42028.0,11544.0,6637.0,512.0,16443.0,28773.0,28500.0,35922.0,13528.0,6106.0
2006-01-10,43172.0,11645.0,6596.0,520.0,16700.0,28679.0,28865.0,35795.0,14307.0,7377.0
2006-01-03,38742.0,9745.0,6638.0,465.0,14905.0,26495.0,25115.0,33597.0,13627.0,5144.0
2005-12-27,39142.0,11091.0,6344.0,484.0,15056.0,26882.0,26631.0,33710.0,12511.0,5432.0
2005-12-20,38770.0,11299.0,6119.0,502.0,14950.0,26889.0,26751.0,33510.0,12019.0,5260.0
2005-12-13,66171.0,12416.0,8248.0,7063.0,36611.0,29515.0,56091.0,44826.0,10080.0,21345.0
2005-12-06,43415.0,11109.0,6758.0,1531.0,22423.0,19928.0,35062.0,28217.0,8353.0,15198.0
2005-11-29,40944.0,10499.0,6495.0,879.0,22014.0,19084.0,33392.0,26458.0,7552.0,14486.0
2005-11-22,39543.0,10456.0,6011.0,903.0,21831.0,18661.0,33190.0,25576.0,6353.0,13967.0
2005-11-15,39265.0,6390.0,8294.0,943.0,26313.0,17691.0,33646.0,26929.0,5619.0,12336.0
2005-11-08,39147.0,5692.0,7683.0,731.0,26192.0,17839.0,32615.0,26254.0,6532.0,12893.0
2005-11-01,39081.0,5159.0,8545.0,568.0,26239.0,17548.0,31966.0,26662.0,7115.0,12419.0
2005-10-25,39326.0,4849.0,9054.0,559.0,25995.0,17450.0,31403.0,27063.0,7923.0,12263.0
2005-10-18,38273.0,5899.0,7339.0,820.0,23816.0,18179.0,30535.0,26337.0,7738.0,11936.0
2005-10-11,36793.0,4068.0,6198.0,773.0,23540.0,18472.0,28381.0,25443.0,8412.0,11351.0
2005-10-04,37093.0,4949.0,6366.0,914.0,23653.0,18402.0,29516.0,25683.0,7577.0,11410.0
2005-09-27,35792.0,4302.0,7024.0,507.0,23462.0,17160.0,28272.0,24691.0,7520.0,11102.0
2005-09-20,34672.0,3702.0,6891.0,502.0,23944.0,17289.0,28148.0,24682.0,6524.0,9990.0
2005-09-13,53251.0,8161.0,6610.0,2956.0,29473.0,30935.0,40590.0,40501.0,12661.0,12750.0
2005-09-06,35233.0,7601.0,5213.0,533.0,18861.0,21746.0,26995.0,27493.0,8238.0,7740.0
2005-08-30,31588.0,6849.0,6205.0,428.0,15871.0,18136.0,23148.0,24769.0,8440.0,6819.0
2005-08-23,32371.0,7860.0,6021.0,458.0,16480.0,19006.0,24798.0,25484.0,7573.0,6886.0
2005-08-16,33244.0,8534.0,6300.0,736.0,16544.0,18568.0,25814.0,25604.0,7430.0,7640.0
2005-08-09,32836.0,8784.0,5738.0,754.0,16203.0,18322.0,25741.0,24814.0,7095.0,8022.0
2005-08-02,32740.0,8273.0,5765.0,715.0,16208.0,18359.0,25197.0,24839.0,7543.0,7901.0
2005-07-26,31532.0,7895.0,5182.0,590.0,15597.0,17712.0,24081.0,23484.0,7451.0,8047.0
2005-07-19,29670.0,6850.0,4762.0,545.0,15696.0,17018.0,23091.0,22325.0,6579.0,7345.0
2005-07-12,30523.0,6914.0,4752.0,622.0,15843.0,17319.0,23379.0,22693.0,7144.0,7829.0
2005-07-05,29395.0,5928.0,5117.0,447.0,15852.0,16088.0,22227.0,21653.0,7168.0,7743.0
2005-06-28,28943.0,5376.0,3683.0,410.0,15609.0,16323.0,21395.0,20416.0,7548.0,8527.0
2005-06-21,29211.0,6417.0,2956.0,486.0,15147.0,17502.0,22050.0,20944.0,7161.0,8268.0
2005-06-14,53415.0,12905.0,4130.0,2085.0,20698.0,35821.0,35688.0,42036.0,17727.0,11379.0
2005-06-07,44306.0,12669.0,4961.0,1375.0,16944.0,30232.0,30988.0,36568.0,13319.0,7739.0
2005-05-31,41757.0,12666.0,4544.0,1291.0,16063.0,28489.0,30020.0,34324.0,11737.0,7433.0
2005-05-24,43200.0,12012.0,4974.0,1157.0,19435.0,29231.0,32605.0,35362.0,10595.0,7838.0
2005-05-17,43432.0,10930.0,5320.0,1441.0,20790.0,28042.0,33162.0,34804.0,10270.0,8628.0
2005-05-10,43651.0,10478.0,5107.0,1493.0,20900.0,28665.0,32871.0,35264.0,10780.0,8387.0
2005-05-03,43902.0,10678.0,5236.0,1595.0,20928.0,28608.0,33200.0,35439.0,10702.0,8463.0
2005-04-26,43495.0,10083.0,11984.0,1351.0,21185.0,22125.0,32619.0,35461.0,10876.0,8034.0
2005-04-19,42359.0,8805.0,12340.0,1161.0,21083.0,21768.0,31050.0,35269.0,11310.0,7091.0
2005-04-12,40527.0,9366.0,11869.0,1026.0,20135.0,20513.0,30527.0,33408.0,10000.0,7119.0
2005-04-05,40026.0,9409.0,10956.0,675.0,20635.0,21078.0,30719.0,32709.0,9307.0,7317.0
2005-03-29,40061.0,9777.0,6330.0,616.0,20557.0,26635.0,30950.0,33581.0,9111.0,6480.0
2005-03-22,40051.0,10061.0,5314.0,572.0,21434.0,26539.0,32067.0,32426.0,7984.0,7625.0
2005-03-15,65566.0,14686.0,3672.0,3233.0,37283.0,43889.0,55202.0,50795.0,10365.0,14772.0
2005-03-08,57921.0,16940.0,2654.0,1678.0,24094.0,43014.0,42712.0,47345.0,15209.0,10576.0
2005-03-01,54909.0,16600.0,2877.0,808.0,22885.0,41175.0,40292.0,44860.0,14616.0,10049.0
2005-02-22,50792.0,14066.0,3159.0,677.0,21637.0,38710.0,36380.0,42546.0,14411.0,8245.0
2005-02-15,51194.0,14140.0,3278.0,1008.0,22083.0,38402.0,37231.0,42688.0,13963.0,8505.0
2005-02-08,49831.0,12609.0,3140.0,790.0,21955.0,37769.0,35355.0,41699.0,14476.0,8132.0
2005-02-01,48951.0,12523.0,8707.0,551.0,22035.0,31652.0,35109.0,40909.0,13842.0,8042.0
2005-01-25,49578.0,13489.0,9986.0,563.0,22938.0,31558.0,36991.0,42107.0,12588.0,7471.0
2005-01-18,48335.0,14939.0,8772.0,829.0,25848.0,32651.0,41615.0,42252.0,6720.0,6083.0
2005-01-11,49425.0,17235.0,9769.0,819.0,25725.0,32946.0,43778.0,43533.0,5647.0,5891.0
2005-01-04,51434.0,19712.0,9235.0,797.0,25202.0,33289.0,45712.0,43321.0,5722.0,8113.0
2004-12-28,51173.0,19706.0,9848.0,759.0,25615.0,32934.0,46081.0,43542.0,5093.0,7632.0
2004-12-21,49784.0,17743.0,9548.0,623.0,25249.0,32143.0,43615.0,42315.0,6169.0,7469.0
2004-12-14,74510.0,19971.0,12991.0,2413.0,37913.0,39129.0,60297.0,54532.0,14213.0,19978.0
2004-12-07,53849.0,20272.0,14388.0,1371.0,26220.0,27853.0,47862.0,43611.0,5986.0,10237.0
2004-11-30,51188.0,20403.0,14991.0,1077.0,23287.0,25901.0,44768.0,41969.0,6421.0,9219.0
2004-11-23,49505.0,18857.0,13616.0,929.0,23267.0,26011.0,43054.0,40556.0,6452.0,8949.0
2004-11-16,46979.0,15283.0,13317.0,1558.0,23338.0,24427.0,40179.0,39302.0,6800.0,7676.0
2004-11-09,43414.0,11239.0,11752.0,1437.0,23710.0,22940.0,36386.0,36129.0,7027.0,7284.0
2004-11-02,44367.0,10070.0,12774.0,1025.0,25319.0,24261.0,36415.0,38061.0,7952.0,6306.0
2004-10-26,46270.0,11269.0,14190.0,889.0,25707.0,24855.0,37865.0,39934.0,8405.0,6336.0
2004-10-19,43342.0,8765.0,12249.0,866.0,25385.0,24213.0,35016.0,37328.0,8327.0,6015.0
2004-10-12,42858.0,8887.0,9835.0,1007.0,24150.0,22849.0,34043.0,33690.0,8814.0,9167.0
2004-10-05,42790.0,8731.0,10450.0,1030.0,27498.0,25772.0,37260.0,37252.0,5531.0,5539.0
2004-09-28,44263.0,8457.0,10450.0,949.0,29714.0,26877.0,39120.0,38275.0,5143.0,5988.0
2004-09-21,45695.0,9506.0,10842.0,906.0,30816.0,27200.0,41228.0,38948.0,4467.0,6748.0
2004-09-14,63536.0,10414.0,11575.0,3051.0,41951.0,34486.0,55416.0,49111.0,8121.0,14425.0
2004-09-07,45685.0,9984.0,11487.0,1532.0,29128.0,24011.0,40644.0,37029.0,5041.0,8656.0
2004-08-31,42953.0,7972.0,10775.0,909.0,29143.0,24147.0,38024.0,35831.0,4929.0,7122.0
2004-08-24,42742.0,7882.0,10981.0,889.0,28919.0,23658.0,37690.0,35528.0,5052.0,7214.0
2004-08-17,45717.0,8617.0,13416.0,1177.0,31096.0,23630.0,40890.0,38223.0,4827.0,7494.0
2004-08-10,47026.0,7554.0,13151.0,1165.0,31352.0,23824.0,40071.0,38140.0,6955.0,8886.0
2004-08-03,44980.0,8341.0,12586.0,1107.0,30755.0,25685.0,40203.0,39378.0,4777.0,5603.0
2004-07-27,43242.0,8045.0,13415.0,1222.0,28174.0,22091.0,37441.0,36728.0,5801.0,6514.0
2004-07-20,43480.0,8552.0,13733.0,1085.0,28555.0,20999.0,38192.0,35818.0,5289.0,7662.0
2004-07-13,45601.0,10252.0,13784.0,1062.0,28456.0,21291.0,39770.0,36137.0,5830.0,9463.0
2004-07-06,45183.0,9885.0,14167.0,958.0,27844.0,21467.0,38687.0,36593.0,6495.0,8590.0
2004-06-29,43881.0,9591.0,13759.0,962.0,27882.0,21118.0,38435.0,35839.0,5446.0,8042.0
2004-06-22,43610.0,9354.0,14356.0,914.0,27281.0,20287.0,37549.0,35557.0,6061.0,8053.0
2004-06-15,64130.0,14749.0,13684.0,3091.0,31386.0,25548.0,49226.0,42323.0,14905.0,21807.0
2004-06-08,52180.0,15048.0,16083.0,2143.0,25639.0,26672.0,42830.0,44899.0,9351.0,7282.0
2004-06-01,48586.0,12158.0,14166.0,2578.0,24022.0,25109.0,38759.0,41853.0,9828.0,6734.0
2004-05-25,50255.0,13087.0,15050.0,2587.0,24166.0,25295.0,39840.0,42931.0,10416.0,7324.0
2004-05-18,48428.0,12522.0,14887.0,2726.0,22963.0,23333.0,38212.0,40946.0,10216.0,7482.0
2004-05-11,47432.0,13884.0,14343.0,2102.0,23215.0,22418.0,39200.0,38862.0,8231.0,8569.0
2004-05-04,47006.0,12827.0,13019.0,2053.0,24795.0,22987.0,39675.0,38060.0,7331.0,8947.0
2004-04-27,47443.0,13967.0,12636.0,2139.0,24188.0,22883.0,40295.0,37658.0,7148.0,9784.0
2004-04-20,48165.0,14372.0,12841.0,1962.0,24640.0,22710.0,40974.0,37513.0,7191.0,10652.0
2004-04-12,47052.0,13650.0,13031.0,2306.0,24038.0,23449.0,39995.0,38786.0,7057.0,8266.0
2004-04-06,48293.0,14314.0,14425.0,2139.0,23637.0,22883.0,40090.0,39447.0,8203.0,8846.0
2004-03-30,45035.0,11790.0,13565.0,1557.0,24072.0,22619.0,37419.0,37740.0,7616.0,7295.0
2004-03-23,44696.0,10728.0,13421.0,1378.0,23508.0,22602.0,35614.0,37401.0,9083.0,7295.0
2004-03-16,71261.0,13250.0,16939.0,13771.0,33046.0,18611.0,60068.0,49321.0,11194.0,21940.0
2004-03-09,52670.0,15578.0,17302.0,1823.0,27455.0,13712.0,44856.0,32836.0,7814.0,19833.0
2004-03-02,52031.0,14650.0,18859.0,1623.0,28191.0,15016.0,44464.0,35498.0,7567.0,16533.0
2004-02-24,49700.0,13128.0,17767.0,1613.0,27735.0,14751.0,42476.0,34131.0,7224.0,15569.0
2004-02-17,49451.0,13585.0,16390.0,2009.0,25926.0,14260.0,41520.0,32659.0,7931.0,16793.0
2004-02-10,46409.0,14250.0,16187.0,1949.0,22945.0,13031.0,39144.0,31167.0,7266.0,15243.0
2004-02-03,40639.0,12918.0,14438.0,1581.0,18826.0,10551.0,33325.0,26570.0,7314.0,14069.0
2004-01-27,39153.0,11711.0,14769.0,1525.0,17746.0,9436.0,30981.0,25730.0,8172.0,13423.0
2004-01-20,37376.0,11667.0,14720.0,1360.0,17410.0,10134.0,30436.0,26214.0,6940.0,11162.0
2004-01-13,40776.0,11077.0,15480.0,3097.0,18840.0,10723.0,33013.0,29300.0,7763.0,11477.0
2004-01-06,43593.0,11621.0,15923.0,4624.0,18980.0,11976.0,35225.0,32523.0,8369.0,11070.0
2003-12-30,39724.0,9759.0,14192.0,3342.0,17472.0,11213.0,30574.0,28748.0,9150.0,10976.0
2003-12-22,38369.0,10799.0,13233.0,2800.0,15754.0,11311.0,29353.0,27345.0,9016.0,11024.0
2003-12-16,58939.0,13311.0,13228.0,8152.0,25974.0,15860.0,47437.0,37241.0,11502.0,21699.0
2003-12-09,43885.0,9485.0,12690.0,4895.0,21529.0,13089.0,35909.0,30674.0,7975.0,13210.0
2003-12-02,42179.0,8500.0,14812.0,3564.0,22178.0,13414.0,34241.0,31790.0,7938.0,10389.0
2003-11-25,41500.0,9048.0,15025.0,3152.0,21934.0,13273.0,34134.0,31449.0,7366.0,10050.0
2003-11-18,41716.0,8923.0,15647.0,3330.0,21852.0,12385.0,34106.0,31362.0,7610.0,10354.0
2003-11-11,42886.0,8468.0,15001.0,3957.0,21709.0,13259.0,34133.0,32217.0,8753.0,10670.0
2003-11-04,47034.0,8882.0,15053.0,4323.0,23714.0,13709.0,36919.0,33085.0,10115.0,13949.0
2003-10-28,41665.0,8756.0,14619.0,3325.0,21912.0,12683.0,33993.0,30627.0,7672.0,11038.0
2003-10-21,37816.0,9363.0,13942.0,2561.0,18297.0,10326.0,30222.0,26830.0,7594.0,10986.0
2003-10-14,43932.0,9150.0,14893.0,3588.0,19443.0,11383.0,32181.0,29865.0,11751.0,14067.0
2003-10-07,38881.0,8472.0,14994.0,2592.0,17587.0,10641.0,28651.0,28226.0,10229.0,10654.0
2003-09-30,35569.0,7268.0,14449.0,1914.0,17362.0,9817.0,26543.0,26180.0,9026.0,9389.0
2003-09-23,34334.0,7434.0,14188.0,1334.0,16739.0,9833.0,25507.0,25354.0,8827.0,8980.0
2003-09-16,54772.0,10355.0,19988.0,4826.0,28064.0,14705.0,43245.0,39519.0,11526.0,15253.0
2003-09-09,54301.0,11858.0,20986.0,4251.0,27282.0,11786.0,43391.0,37023.0,10910.0,17278.0
2003-09-02,52779.0,12513.0,21184.0,4099.0,26793.0,11285.0,43405.0,36568.0,9374.0,16211.0
2003-08-26,50120.0,11758.0,21616.0,3251.0,25840.0,11311.0,40848.0,36177.0,9272.0,13942.0
2003-08-19,49429.0,10650.0,21036.0,2288.0,27486.0,10611.0,40423.0,33935.0,9006.0,15494.0
2003-08-12,49211.0,11043.0,20083.0,2752.0,26382.0,11042.0,40177.0,33876.0,9035.0,15335.0
2003-08-05,44160.0,9543.0,19608.0,2300.0,24965.0,10336.0,36808.0,32243.0,7352.0,11917.0
2003-07-29,45624.0,9910.0,18568.0,3576.0,24862.0,10396.0,38348.0,32540.0,7276.0,13084.0
2003-07-22,41287.0,8659.0,18235.0,2085.0,23092.0,8877.0,33836.0,29197.0,7451.0,12090.0
2003-07-15,38906.0,7673.0,17472.0,1707.0,22550.0,8733.0,31930.0,27912.0,6977.0,10994.0
2003-07-08,37323.0,7187.0,13427.0,1889.0,21753.0,12607.0,30828.0,27923.0,6494.0,9399.0
2003-07-01,36050.0,6065.0,13957.0,1438.0,21298.0,12651.0,28800.0,28045.0,7251.0,8005.0
2003-06-24,34790.0,5884.0,12513.0,1300.0,20308.0,12279.0,27492.0,26092.0,7298.0,8698.0
2003-06-17,50199.0,9103.0,11180.0,5580.0,23201.0,20423.0,37884.0,37183.0,12316.0,13016.0
2003-06-10,40754.0,9223.0,10917.0,2574.0,19117.0,16822.0,30914.0,30313.0,9840.0,10441.0
2003-06-03,40752.0,8855.0,11482.0,1781.0,20763.0,16470.0,31399.0,29733.0,9353.0,11020.0
2003-05-27,40045.0,8898.0,10749.0,2102.0,19525.0,16671.0,30524.0,29522.0,9521.0,10523.0
2003-05-20,37926.0,7533.0,9693.0,2095.0,18781.0,15112.0,28409.0,26900.0,9517.0,11025.0
2003-05-13,38579.0,8356.0,10769.0,1848.0,19180.0,15536.0,29385.0,28153.0,9194.0,10425.0
2003-05-06,36541.0,8200.0,10454.0,1778.0,17661.0,14570.0,27639.0,26801.0,8902.0,9740.0
2003-04-29,35874.0,7042.0,9470.0,1948.0,18895.0,14950.0,27885.0,26368.0,7989.0,9506.0
2003-04-22,34943.0,6615.0,8720.0,1578.0,17796.0,15584.0,25989.0,25882.0,8953.0,9060.0
2003-04-15,34910.0,5277.0,9074.0,1782.0,19055.0,14296.0,26114.0,25153.0,8796.0,9757.0
2003-04-08,32586.0,4334.0,8211.0,1654.0,19788.0,13849.0,25776.0,23714.0,6809.0,8872.0
2003-04-01,31683.0,3776.0,7849.0,1758.0,20124.0,13789.0,25657.0,23395.0,6025.0,8287.0
2003-03-25,31255.0,3512.0,10405.0,1322.0,20657.0,11085.0,25490.0,22812.0,5765.0,8443.0
2003-03-18,45295.0,6212.0,12383.0,3726.0,27891.0,19695.0,37829.0,35803.0,7466.0,9492.0
2003-03-11,38844.0,6940.0,11909.0,2578.0,22575.0,15561.0,32093.0,30048.0,6751.0,8796.0
2003-03-04,36459.0,6446.0,12014.0,1823.0,22085.0,13640.0,30355.0,27476.0,6105.0,8983.0
2003-02-25,33166.0,5720.0,9862.0,1209.0,20697.0,12631.0,27626.0,23702.0,5540.0,9464.0
2003-02-18,33812.0,6013.0,9517.0,1616.0,19822.0,12797.0,27450.0,23931.0,6362.0,9881.0
2003-02-11,34305.0,5749.0,9874.0,1508.0,20684.0,12617.0,27940.0,23998.0,6365.0,10306.0
2003-02-04,30627.0,5419.0,6929.0,1489.0,18314.0,11956.0,25223.0,20374.0,5405.0,10254.0
2003-01-28,29407.0,5648.0,7200.0,1491.0,16591.0,12174.0,23731.0,20864.0,5677.0,8543.0
2003-01-21,28535.0,4390.0,7119.0,1125.0,17320.0,11472.0,22835.0,19716.0,5700.0,8819.0
2003-01-14,28408.0,3867.0,6110.0,961.0,18267.0,12907.0,23096.0,19978.0,5312.0,8430.0
2003-01-07,26268.0,3529.0,5033.0,500.0,16640.0,11737.0,20669.0,17270.0,5599.0,8997.0
2002-12-31,25255.0,2884.0,6127.0,531.0,16262.0,11594.0,19677.0,18252.0,5578.0,7003.0
2002-12-23,24168.0,3280.0,5547.0,490.0,15254.0,11441.0,19024.0,17478.0,5143.0,6690.0
2002-12-17,41147.0,7974.0,7507.0,2272.0,24305.0,21464.0,34551.0,31243.0,6596.0,9904.0
2002-12-10,36218.0,7466.0,7538.0,1630.0,20575.0,16669.0,29671.0,25836.0,6547.0,10381.0
2002-12-03,35701.0,6506.0,7525.0,1071.0,20974.0,16320.0,28552.0,24917.0,7150.0,10785.0
2002-11-26,36256.0,6257.0,8020.0,1171.0,21198.0,15829.0,28627.0,25020.0,7630.0,11236.0
2002-11-19,36011.0,5564.0,9542.0,950.0,24154.0,16524.0,30668.0,27016.0,5343.0,8995.0
2002-11-12,36742.0,5612.0,10147.0,1166.0,23080.0,15872.0,29857.0,27185.0,6885.0,9557.0
2002-11-05,36907.0,6040.0,9267.0,1173.0,23319.0,16652.0,30532.0,27092.0,6375.0,9816.0
2002-10-29,36464.0,6004.0,8951.0,1202.0,22500.0,14270.0,29707.0,24423.0,6757.0,12041.0
2002-10-22,34330.0,4884.0,8836.0,983.0,22914.0,14314.0,28781.0,24132.0,5550.0,10198.0
2002-10-15,34684.0,4881.0,11849.0,978.0,21748.0,10530.0,27607.0,23357.0,7077.0,11327.0
2002-10-08,35788.0,5102.0,11010.0,1154.0,20605.0,13016.0,26860.0,25180.0,8928.0,10608.0
2002-10-01,32089.0,3587.0,9929.0,943.0,19848.0,9812.0,24377.0,20684.0,7712.0,11404.0
2002-09-24,32529.0,3069.0,10379.0,950.0,19900.0,10991.0,23919.0,22320.0,8610.0,10209.0
2002-09-17,50815.0,4460.0,11418.0,3244.0,28416.0,23113.0,36120.0,37776.0,14695.0,13039.0
2002-09-10,39799.0,3776.0,9080.0,2940.0,24364.0,16472.0,31080.0,28491.0,8718.0,11307.0
2002-09-03,36993.0,4517.0,9975.0,2317.0,22574.0,15500.0,29408.0,27792.0,7584.0,9201.0
2002-08-27,36261.0,4449.0,9356.0,1829.0,22159.0,15607.0,28437.0,26791.0,7825.0,9470.0
2002-08-20,35494.0,4258.0,8036.0,1661.0,22256.0,16645.0,28175.0,26342.0,7319.0,9152.0
2002-08-13,36709.0,3352.0,8427.0,2758.0,24091.0,15632.0,30202.0,26816.0,6508.0,9893.0
2002-08-06,39371.0,2398.0,9888.0,2508.0,24823.0,16221.0,29728.0,28617.0,9643.0,10754.0
2002-07-30,36102.0,2268.0,9336.0,2191.0,23547.0,14306.0,28006.0,25833.0,8096.0,10269.0
2002-07-23,41614.0,4842.0,8533.0,2498.0,23540.0,16455.0,30881.0,27486.0,10733.0,14128.0
2002-07-16,39432.0,2922.0,8150.0,2933.0,22798.0,16313.0,28653.0,27396.0,10779.0,12036.0
2002-07-09,33762.0,1990.0,8815.0,1753.0,22065.0,15429.0,25808.0,25997.0,7955.0,7766.0
2002-07-02,34313.0,1723.0,8174.0,1751.0,22840.0,16126.0,26314.0,26051.0,7999.0,8262.0
2002-06-25,29945.0,2237.0,6871.0,1188.0,19110.0,14483.0,22535.0,22541.0,7410.0,7404.0
2002-06-18,42775.0,6182.0,6405.0,2822.0,27239.0,20663.0,36242.0,29890.0,6532.0,12884.0
2002-06-11,40183.0,7190.0,7535.0,2697.0,21401.0,18921.0,31288.0,29153.0,8895.0,11030.0
2002-06-04,39110.0,7093.0,8534.0,2370.0,21354.0,17658.0,30817.0,28562.0,8294.0,10548.0
2002-05-28,35452.0,6583.0,7626.0,1648.0,20875.0,16391.0,29106.0,25666.0,6345.0,9786.0
2002-05-21,34703.0,7774.0,6498.0,1846.0,20800.0,16087.0,30419.0,24431.0,4284.0,10272.0
2002-05-14,36498.0,5677.0,6087.0,2291.0,22579.0,15965.0,30547.0,24344.0,5951.0,12154.0
2002-05-07,33433.0,4758.0,5689.0,1774.0,20788.0,15362.0,27321.0,22825.0,6112.0,10608.0
2002-04-30,29361.0,3471.0,4301.0,1164.0,18010.0,14293.0,22646.0,19759.0,6715.0,9602.0
2002-04-23,30463.0,2969.0,4746.0,954.0,17474.0,15743.0,21397.0,21442.0,9066.0,9021.0
2002-04-16,32053.0,3504.0,4601.0,1571.0,20193.0,15294.0,25268.0,21466.0,6785.0,10587.0
2002-04-09,31007.0,2534.0,4739.0,1330.0,20470.0,14457.0,24335.0,20526.0,6673.0,10481.0
2002-04-02,29839.0,2691.0,5160.0,1174.0,19703.0,13420.0,23568.0,19754.0,6271.0,10085.0
2002-03-26,29766.0,2748.0,4801.0,1236.0,18932.0,13288.0,22916.0,19326.0,6850.0,10440.0
2002-03-19,31974.0,3021.0,5051.0,1393.0,22015.0,14045.0,26430.0,20490.0,5545.0,11484.0
2002-03-12,50326.0,2992.0,8238.0,1691.0,37578.0,25002.0,42261.0,34931.0,8066.0,15395.0
2002-03-05,51300.0,2899.0,7751.0,1385.0,39077.0,27010.0,43361.0,36146.0,7940.0,15154.0
2002-02-26,45440.0,2402.0,8193.0,1054.0,34819.0,22086.0,38276.0,31333.0,7164.0,14107.0
2002-02-19,38974.0,1450.0,7085.0,1226.0,30898.0,18966.0,33574.0,27277.0,5401.0,11698.0
2002-02-12,36139.0,1451.0,6026.0,1161.0,28273.0,17519.0,30885.0,24706.0,5254.0,11433.0
2002-02-05,31796.0,1173.0,5990.0,779.0,23296.0,13157.0,25248.0,19926.0,6547.0,11869.0
2002-01-29,29465.0,1177.0,4969.0,833.0,21043.0,12868.0,23053.0,18670.0,6412.0,10796.0
2002-01-22,26800.0,1421.0,4858.0,569.0,19023.0,11493.0,21012.0,16920.0,5788.0,9881.0
2002-01-15,24328.0,1244.0,3983.0,645.0,16845.0,9955.0,18734.0,14584.0,5594.0,9745.0
2002-01-08,23226.0,1010.0,4106.0,678.0,16874.0,8467.0,18562.0,13250.0,4664.0,9976.0
2001-12-28,21969.0,1389.0,4296.0,496.0,16590.0,7904.0,18474.0,12696.0,3495.0,9273.0
2001-12-21,22225.0,1152.0,4426.0,456.0,16227.0,7685.0,17835.0,12568.0,4390.0,9657.0
2001-12-18,34968.0,1759.0,5797.0,1631.0,23931.0,15139.0,27321.0,22567.0,7647.0,12400.0
2001-12-11,32695.0,1704.0,6485.0,1568.0,25010.0,14138.0,28283.0,22191.0,4412.0,10504.0
2001-12-04,32068.0,1647.0,7403.0,1276.0,24606.0,12221.0,27529.0,20900.0,4539.0,11168.0
2001-11-27,34016.0,1626.0,7843.0,1158.0,26111.0,13033.0,28894.0,22034.0,5122.0,11983.0
2001-11-20,33904.0,1567.0,8267.0,651.0,26884.0,13017.0,29102.0,21935.0,4802.0,11969.0
2001-11-13,35082.0,1889.0,7772.0,1793.0,26421.0,11945.0,30102.0,21510.0,4979.0,13571.0
2001-11-06,35804.0,1812.0,6922.0,1429.0,28178.0,13848.0,31419.0,22199.0,4386.0,13605.0
2001-10-30,36954.0,1694.0,7552.0,1908.0,28236.0,14905.0,31838.0,24366.0,5116.0,12587.0
2001-10-23,37020.0,1750.0,8320.0,1933.0,27617.0,13629.0,31300.0,23883.0,5720.0,13137.0
2001-10-16,37883.0,1756.0,9347.0,2424.0,27966.0,12390.0,32146.0,24161.0,5737.0,13722.0
2001-10-09,36585.0,2488.0,8369.0,2108.0,27308.0,12360.0,31903.0,22836.0,4682.0,13749.0
2001-10-02,35704.0,3036.0,8544.0,1761.0,25009.0,12274.0,29806.0,22579.0,5898.0,13125.0
2001-09-25,33727.0,3446.0,7498.0,2141.0,22289.0,10127.0,27876.0,19766.0,5851.0,13960.0
2001-09-18,54768.0,4106.0,9457.0,6310.0,33101.0,20566.0,43516.0,36333.0,11252.0,18434.0
2001-09-10,46182.0,3288.0,10141.0,4049.0,29046.0,17224.0,36383.0,31414.0,9798.0,14768.0
2001-09-04,45765.0,6429.0,9926.0,4242.0,26684.0,17473.0,37355.0,31641.0,8410.0,14124.0
2001-08-28,41270.0,6793.0,9199.0,3185.0,25047.0,18051.0,35026.0,30436.0,6244.0,10835.0
2001-08-21,41492.0,6820.0,9411.0,2902.0,25630.0,17725.0,35352.0,30039.0,6140.0,11453.0
2001-08-14,39273.0,6677.0,8343.0,2896.0,24412.0,18600.0,33986.0,29839.0,5288.0,9435.0
2001-08-07,36420.0,6340.0,6135.0,2907.0,21472.0,16539.0,30719.0,25581.0,5701.0,10839.0
2001-07-31,35896.0,6522.0,6483.0,2807.0,20680.0,16559.0,30008.0,25849.0,5888.0,10047.0
2001-07-24,34628.0,6509.0,5644.0,2535.0,18931.0,15862.0,27975.0,24040.0,6653.0,10588.0
2001-07-17,32990.0,6726.0,4080.0,2917.0,17370.0,15975.0,27013.0,22972.0,5977.0,10019.0
2001-07-10,33619.0,7080.0,4812.0,3024.0,17247.0,17030.0,27351.0,24866.0,6268.0,8753.0
2001-07-03,30799.0,6998.0,4033.0,2563.0,15663.0,17569.0,25224.0,24164.0,5575.0,6634.0
2001-06-26,29997.0,7230.0,4069.0,2731.0,14342.0,16000.0,24303.0,22799.0,5694.0,7198.0
2001-06-19,28973.0,6548.0,4565.0,2682.0,15266.0,13582.0,24495.0,20828.0,4478.0,8145.0
2001-06-12,45317.0,7213.0,9204.0,3832.0,28045.0,21565.0,39090.0,34602.0,6227.0,10715.0
2001-06-05,42703.0,8352.0,10163.0,3288.0,26397.0,19975.0,38037.0,33426.0,4665.0,9277.0
2001-05-29,40746.0,8173.0,9765.0,3040.0,24029.0,17923.0,35242.0,30727.0,5504.0,10019.0
2001-05-22,41910.0,8387.0,10283.0,2792.0,26530.0,17073.0,37710.0,30149.0,4200.0,11761.0
2001-05-15,39554.0,8080.0,8902.0,2975.0,24802.0,16359.0,35856.0,28236.0,3697.0,11318.0
2001-05-08,40105.0,9867.0,9604.0,3047.0,23633.0,15883.0,36547.0,28534.0,3558.0,11571.0
2001-05-01,38106.0,10299.0,11052.0,3198.0,21378.0,13615.0,34874.0,27865.0,3232.0,10241.0
2001-04-24,34846.0,8653.0,10097.0,1011.0,19503.0,14308.0,29167.0,25415.0,5679.0,9430.0
2001-04-17,37505.0,8891.0,12198.0,1461.0,20000.0,13180.0,30351.0,26839.0,7154.0,10666.0
2001-04-10,38298.0,8972.0,10615.0,1573.0,18509.0,13832.0,29053.0,26019.0,9245.0,12280.0
2001-04-03,40968.0,8746.0,11448.0,2722.0,18668.0,13304.0,30136.0,27475.0,10832.0,13493.0
2001-03-27,31689.0,8979.0,9094.0,984.0,14966.0,11391.0,24929.0,21468.0,6760.0,10221.0
2001-03-20,29972.0,10238.0,5018.0,726.0,12224.0,15126.0,23189.0,20871.0,6784.0,9102.0
2001-03-13,35888.0,9441.0,5705.0,1294.0,17882.0,19860.0,28618.0,26859.0,7270.0,9029.0
2001-03-06,29921.0,9448.0,4450.0,903.0,14099.0,17005.0,24450.0,22358.0,5472.0,7564.0
2001-02-27,27901.0,9426.0,3004.0,881.0,13090.0,17532.0,23397.0,21417.0,4504.0,6484.0
2001-02-20,25930.0,9791.0,2644.0,680.0,10920.0,15638.0,21390.0,18962.0,4540.0,6968.0
2001-02-13,25932.0,9696.0,2290.0,600.0,11149.0,15869.0,21445.0,18759.0,4487.0,7173.0
2001-02-06,24102.0,8762.0,1860.0,628.0,10733.0,14649.0,20124.0,17137.0,3979.0,6966.0
2001-01-30,24131.0,9452.0,3396.0,560.0,10154.0,15609.0,20166.0,19565.0,3965.0,4567.0
2001-01-23,23399.0,9086.0,1996.0,538.0,9368.0,16867.0,18992.0,19402.0,4406.0,3997.0
2001-01-16,24388.0,8596.0,2170.0,776.0,8793.0,17117.0,18164.0,20062.0,6223.0,4326.0
2001-01-09,23978.0,7860.0,2288.0,918.0,10714.0,16222.0,19493.0,19428.0,4485.0,4550.0
2001-01-02,21365.0,6331.0,2074.0,725.0,10882.0,13103.0,17938.0,15902.0,3427.0,5463.0
2000-12-26,19520.0,5178.0,1664.0,661.0,10445.0,13071.0,16284.0,15397.0,3236.0,4123.0
2000-12-19,18217.0,4003.0,1703.0,562.0,9679.0,11431.0,14244.0,13696.0,3973.0,4521.0
2000-12-12,29266.0,3608.0,1733.0,1403.0,19187.0,21212.0,24199.0,24348.0,5067.0,4918.0
2000-12-05,23911.0,2776.0,1678.0,473.0,15340.0,16230.0,18589.0,18380.0,5322.0,5530.0
2000-11-28,23598.0,4123.0,1045.0,731.0,13360.0,16655.0,18214.0,18432.0,5383.0,5166.0
2000-11-21,21339.0,3819.0,1177.0,508.0,12730.0,15428.0,17056.0,17113.0,4283.0,4226.0
2000-11-14,21871.0,3570.0,1151.0,569.0,13197.0,15690.0,17337.0,17410.0,4534.0,4461.0
2000-11-07,21168.0,2797.0,968.0,719.0,13225.0,13805.0,16741.0,15492.0,4427.0,5676.0
2000-10-31,21396.0,2002.0,1650.0,829.0,13560.0,12782.0,16391.0,15262.0,5005.0,6135.0
2000-10-24,18449.0,1576.0,1027.0,450.0,11304.0,12121.0,13330.0,13597.0,5119.0,4852.0
2000-10-17,20532.0,1856.0,1498.0,643.0,11029.0,11862.0,13529.0,14003.0,7003.0,6529.0
2000-10-10,17006.0,1539.0,1546.0,714.0,9949.0,10239.0,12203.0,12499.0,4804.0,4507.0
2000-10-03,14369.0,1401.0,1242.0,427.0,7934.0,9058.0,9761.0,10726.0,4608.0,3643.0
2000-09-26,13707.0,1359.0,1357.0,385.0,7101.0,8317.0,8845.0,10058.0,4861.0,3648.0
2000-09-19,13797.0,2121.0,1184.0,377.0,7022.0,8938.0,9520.0,10499.0,4277.0,3298.0
2000-09-12,22302.0,3283.0,1399.0,535.0,12852.0,14315.0,16670.0,16248.0,5632.0,6054.0
2000-09-05,19739.0,3481.0,1325.0,455.0,11258.0,13935.0,15193.0,15715.0,4545.0,4024.0
2000-08-29,19080.0,3498.0,1233.0,392.0,10820.0,13255.0,14710.0,14880.0,4370.0,4200.0
2000-08-22,18614.0,2994.0,1401.0,319.0,10515.0,13206.0,13828.0,14926.0,4785.0,3687.0
2000-08-15,17780.0,2038.0,1486.0,391.0,11222.0,12024.0,13650.0,13900.0,4130.0,3879.0
2000-08-08,17518.0,2233.0,1452.0,489.0,10935.0,11631.0,13657.0,13572.0,3861.0,3946.0
2000-08-01,17785.0,2341.0,2093.0,296.0,11085.0,10760.0,13722.0,13149.0,4064.0,4636.0
2000-07-25,16433.0,2104.0,1999.0,248.0,9698.0,10299.0,12049.0,12545.0,4384.0,3888.0
2000-07-18,16084.0,1973.0,2309.0,429.0,10369.0,10121.0,12770.0,12858.0,3314.0,3226.0
2000-07-11,16477.0,1892.0,2079.0,357.0,10134.0,10231.0,12383.0,12667.0,4094.0,3810.0
2000-07-05,15685.0,1471.0,3720.0,378.0,10139.0,8695.0,11988.0,12794.0,3697.0,2892.0
2000-06-27,16106.0,1824.0,4245.0,301.0,9564.0,7965.0,11689.0,12511.0,4416.0,3595.0
2000-06-20,15318.0,1702.0,3875.0,297.0,9556.0,7115.0,11555.0,11287.0,3763.0,4032.0
2000-06-13,24581.0,2318.0,4436.0,1251.0,16084.0,13423.0,19652.0,19109.0,4930.0,5472.0
2000-06-06,23727.0,2471.0,4690.0,1569.0,16110.0,12609.0,20150.0,18869.0,3577.0,4858.0
2000-05-30,24101.0,2323.0,4496.0,1121.0,15933.0,13648.0,19376.0,19265.0,4724.0,4836.0
2000-05-23,22925.0,2037.0,4293.0,686.0,15885.0,12527.0,18607.0,17506.0,4317.0,5419.0
2000-05-16,23618.0,2683.0,3379.0,1329.0,15402.0,13762.0,19414.0,18470.0,4204.0,5148.0
2000-05-09,23199.0,3671.0,4412.0,1915.0,14391.0,13210.0,19977.0,19537.0,3223.0,3663.0
2000-05-02,22619.0,3996.0,3848.0,1695.0,14074.0,13478.0,19766.0,19021.0,2853.0,3598.0
2000-04-25,23599.0,4370.0,4564.0,1042.0,14600.0,13818.0,20013.0,19424.0,3587.0,4175.0
2000-04-18,22644.0,3125.0,6762.0,1311.0,13814.0,10186.0,18250.0,18258.0,4394.0,4386.0
2000-04-11,22007.0,3826.0,6465.0,902.0,13483.0,9445.0,18211.0,16812.0,3796.0,5195.0
2000-04-04,22489.0,3530.0,5790.0,912.0,13905.0,10580.0,18347.0,17281.0,4142.0,5208.0
2000-03-28,20072.0,2560.0,5101.0,802.0,13157.0,10013.0,16518.0,15916.0,3554.0,4157.0
2000-03-21,20687.0,3396.0,4898.0,725.0,12656.0,9359.0,16777.0,14982.0,3910.0,5705.0
2000-03-14,29850.0,6004.0,4668.0,1512.0,15725.0,17291.0,23241.0,23471.0,6609.0,6378.0
2000-03-07,27895.0,5820.0,5150.0,1280.0,13690.0,15174.0,20790.0,21605.0,7105.0,6291.0
2000-02-29,25959.0,6763.0,4547.0,1308.0,12704.0,15800.0,20775.0,21654.0,5184.0,4305.0
2000-02-22,20721.0,4404.0,4849.0,1238.0,9624.0,10081.0,15266.0,16169.0,5455.0,4552.0
2000-02-15,19574.0,2553.0,4602.0,1714.0,9982.0,8558.0,14249.0,14874.0,5325.0,4700.0
2000-02-08,17339.0,2643.0,4895.0,1275.0,10566.0,7835.0,14484.0,14005.0,2856.0,3334.0
2000-02-01,17275.0,2345.0,2687.0,1341.0,9799.0,9392.0,13484.0,13419.0,3791.0,3856.0
2000-01-25,16555.0,1487.0,2551.0,1199.0,10022.0,8952.0,12708.0,12702.0,3847.0,3853.0
2000-01-18,17800.0,3564.0,3631.0,1082.0,10487.0,8389.0,15133.0,13102.0,2667.0,4698.0
2000-01-11,17882.0,3407.0,3545.0,1017.0,10256.0,8018.0,14680.0,12579.0,3202.0,5303.0
2000-01-04,14915.0,1614.0,2515.0,1074.0,9008.0,6140.0,11696.0,9729.0,3219.0,5186.0
1999-12-28,14608.0,1390.0,2834.0,798.0,9723.0,6961.0,11911.0,10594.0,2696.0,4014.0
1999-12-21,12631.0,1654.0,2753.0,822.0,9229.0,6036.0,11705.0,9611.0,926.0,3020.0
1999-12-14,28002.0,2898.0,4023.0,2705.0,18352.0,16150.0,23955.0,22877.0,4047.0,5124.0
1999-12-07,25698.0,2573.0,4212.0,3190.0,16104.0,13260.0,21867.0,20661.0,3831.0,5037.0
1999-11-30,25790.0,2405.0,4637.0,4484.0,15510.0,10779.0,22399.0,19900.0,3391.0,5891.0
1999-11-23,24992.0,2505.0,5025.0,3873.0,15124.0,10142.0,21502.0,19041.0,3490.0,5951.0
1999-11-16,29799.0,2880.0,5804.0,4495.0,18086.0,12747.0,25461.0,23046.0,4338.0,6753.0
1999-11-09,29400.0,2376.0,5335.0,4278.0,18550.0,12539.0,25204.0,22152.0,4196.0,7248.0
1999-11-02,29604.0,1917.0,5792.0,4378.0,19420.0,11674.0,25715.0,21844.0,3889.0,7760.0
1999-10-26,31504.0,2321.0,8544.0,4223.0,20584.0,10649.0,27128.0,23416.0,4375.0,8088.0
1999-10-19,32734.0,2551.0,7654.0,3756.0,21770.0,10874.0,28078.0,22285.0,4656.0,10449.0
1999-10-12,29634.0,2128.0,7024.0,3738.0,19743.0,11007.0,25610.0,21769.0,4025.0,7866.0
1999-10-05,30066.0,2618.0,6158.0,3835.0,19697.0,12109.0,26150.0,22102.0,3917.0,7964.0
1999-09-28,28767.0,2677.0,6214.0,4001.0,17860.0,10803.0,24538.0,21018.0,4228.0,7748.0
1999-09-21,25682.0,2258.0,4478.0,3273.0,16664.0,11590.0,22194.0,19340.0,3489.0,6342.0
1999-09-14,31574.0,2563.0,4687.0,4558.0,20560.0,15000.0,27681.0,24245.0,3893.0,7329.0
1999-09-07,31553.0,2677.0,4935.0,3706.0,21790.0,15708.0,28172.0,24349.0,3381.0,7204.0
1999-08-31,31856.0,3091.0,4906.0,3514.0,21166.0,15811.0,27771.0,24231.0,4085.0,7625.0
1999-08-24,31874.0,3708.0,6139.0,2905.0,21612.0,14253.0,28225.0,23296.0,3649.0,8578.0
1999-08-17,31312.0,2838.0,5570.0,3383.0,22192.0,14553.0,28413.0,23506.0,2899.0,7807.0
1999-08-10,31024.0,2628.0,4999.0,3460.0,21238.0,14328.0,27325.0,22787.0,3698.0,8237.0
1999-08-03,28153.0,2434.0,4975.0,3358.0,18668.0,12981.0,24460.0,21313.0,3694.0,6840.0
1999-07-27,27246.0,3315.0,4473.0,3437.0,17225.0,12962.0,23978.0,20872.0,3268.0,6373.0
1999-07-20,26422.0,3384.0,4540.0,3383.0,16552.0,12357.0,23319.0,20280.0,3103.0,6142.0
1999-07-13,25686.0,3682.0,4947.0,3285.0,15073.0,10965.0,22040.0,19196.0,3646.0,6489.0
1999-07-06,25624.0,3170.0,4335.0,3316.0,14741.0,10975.0,21227.0,18626.0,4397.0,6998.0
1999-06-29,23709.0,2325.0,4452.0,3307.0,14743.0,9644.0,20375.0,17402.0,3335.0,6307.0
1999-06-22,23316.0,2585.0,4611.0,3153.0,14282.0,9209.0,20020.0,16973.0,3296.0,6343.0
1999-06-15,29962.0,3110.0,5706.0,4240.0,18782.0,11830.0,26133.0,21776.0,3829.0,8186.0
1999-06-08,29024.0,3295.0,6045.0,3866.0,17870.0,10937.0,25031.0,20849.0,3993.0,8176.0
1999-06-01,29278.0,2989.0,5705.0,4001.0,18324.0,11278.0,25314.0,20983.0,3964.0,8295.0
1999-05-25,31991.0,3114.0,7112.0,4149.0,20284.0,11416.0,27546.0,22676.0,4445.0,9315.0
1999-05-18,32522.0,2969.0,6361.0,4254.0,20718.0,12072.0,27941.0,22688.0,4582.0,9835.0
1999-05-11,33151.0,3342.0,7504.0,4176.0,21993.0,11054.0,29511.0,22734.0,3640.0,10417.0
1999-05-04,31524.0,3068.0,6922.0,3887.0,20203.0,10480.0,27158.0,21289.0,4366.0,10236.0
1999-04-27,28010.0,2846.0,5663.0,3624.0,18397.0,10143.0,24868.0,19430.0,3142.0,8579.0
1999-04-20,29091.0,2929.0,6137.0,3371.0,18879.0,10251.0,25179.0,19759.0,3912.0,9332.0
1999-04-13,22722.0,3025.0,3984.0,3483.0,12790.0,7887.0,19298.0,15354.0,3424.0,7368.0
1999-04-06,19905.0,2908.0,2959.0,3346.0,10693.0,8252.0,16947.0,14557.0,2958.0,5348.0
1999-03-30,20380.0,3451.0,3028.0,3200.0,10825.0,9331.0,17475.0,15559.0,2905.0,4821.0
1999-03-23,20310.0,2868.0,3113.0,3155.0,10801.0,8511.0,16824.0,14780.0,3486.0,5530.0
1999-03-16,27706.0,2961.0,3908.0,3985.0,16704.0,13225.0,23650.0,21118.0,4056.0,6588.0
1999-03-09,27165.0,2117.0,3766.0,4129.0,17024.0,12624.0,23270.0,20519.0,3895.0,6646.0
1999-03-02,24944.0,914.0,5164.0,3464.0,16950.0,10617.0,21328.0,19245.0,3616.0,5698.0
1999-02-23,25034.0,1040.0,5448.0,3744.0,17301.0,9993.0,22085.0,19185.0,2949.0,5849.0
1999-02-16,24307.0,1087.0,5769.0,2642.0,14766.0,9909.0,18496.0,18321.0,5811.0,5986.0
1999-02-09,24661.0,1111.0,5788.0,2948.0,14733.0,9418.0,18792.0,18154.0,5869.0,6506.0
1999-02-02,22217.0,1170.0,5230.0,2790.0,14275.0,8350.0,18235.0,16371.0,3982.0,5847.0
1999-01-26,20476.0,1003.0,5217.0,2538.0,13147.0,7344.0,16688.0,15098.0,3788.0,5378.0
1999-01-19,20986.0,997.0,4888.0,2328.0,13814.0,8914.0,17139.0,16130.0,3848.0,4857.0
1999-01-12,21264.0,1181.0,5250.0,2439.0,13945.0,7958.0,17566.0,15647.0,3698.0,5617.0
1999-01-05,20534.0,1228.0,6100.0,2523.0,13454.0,6821.0,17205.0,15445.0,3329.0,5089.0
1998-12-29,19011.0,1039.0,5259.0,2400.0,12424.0,6527.0,15863.0,14186.0,3148.0,4825.0
1998-12-22,19031.0,1024.0,5443.0,2405.0,12761.0,6594.0,16190.0,14441.0,2841.0,4590.0
1998-12-15,26553.0,1136.0,4720.0,4197.0,16118.0,10126.0,21451.0,19043.0,5102.0,7510.0
1998-12-08,24243.0,1280.0,3999.0,3894.0,14215.0,9065.0,19388.0,16958.0,4855.0,7285.0
1998-12-01,24180.0,974.0,4078.0,3964.0,13943.0,9037.0,18881.0,17080.0,5299.0,7101.0
1998-11-24,23864.0,917.0,3671.0,4129.0,13947.0,9155.0,18993.0,16954.0,4871.0,6910.0
1998-11-17,24048.0,842.0,3804.0,3685.0,14635.0,8669.0,19162.0,16158.0,4885.0,7889.0
1998-11-10,23647.0,824.0,4063.0,3576.0,14737.0,8087.0,19137.0,15726.0,4509.0,7921.0
1998-11-03,22988.0,763.0,4291.0,3523.0,14502.0,6711.0,18787.0,14524.0,4200.0,8463.0
1998-10-27,23058.0,909.0,4400.0,3240.0,14939.0,7005.0,19088.0,14645.0,3970.0,8413.0
1998-10-20,22722.0,723.0,4149.0,2924.0,15263.0,6788.0,18910.0,13861.0,3813.0,8861.0
1998-10-13,24296.0,1022.0,4669.0,2603.0,16031.0,7319.0,19656.0,14592.0,4640.0,9704.0
1998-10-06,24336.0,1047.0,4712.0,2467.0,16028.0,8032.0,19542.0,15211.0,4794.0,9125.0
1998-09-29,21581.0,996.0,4105.0,2253.0,14177.0,7795.0,17426.0,14153.0,4155.0,7428.0
1998-09-22,20621.0,1098.0,4189.0,1984.0,13202.0,7568.0,16285.0,13741.0,4336.0,6880.0
1998-09-15,32182.0,964.0,4235.0,4706.0,21330.0,13992.0,27000.0,22933.0,5182.0,9249.0
1998-09-08,31427.0,896.0,4576.0,4449.0,19541.0,13864.0,24885.0,22889.0,6542.0,8538.0
1998-09-01,31412.0,1434.0,4670.0,4134.0,18764.0,13552.0,24332.0,22356.0,7080.0,9056.0
1998-08-25,25908.0,818.0,4566.0,3853.0,15639.0,10319.0,20310.0,18738.0,5598.0,7170.0
1998-08-18,28214.0,1053.0,4455.0,4134.0,16568.0,11434.0,21755.0,20023.0,6459.0,8191.0
1998-08-11,27685.0,1009.0,4108.0,3878.0,16916.0,11115.0,21802.0,19101.0,5883.0,8584.0
1998-08-04,27215.0,1228.0,4534.0,3621.0,16249.0,11804.0,21099.0,19959.0,6117.0,7256.0
1998-07-28,24689.0,884.0,4024.0,3357.0,14904.0,11446.0,19144.0,18827.0,5545.0,5862.0
1998-07-21,24416.0,1144.0,3662.0,3300.0,14635.0,11137.0,19079.0,18099.0,5337.0,6316.0
1998-07-14,25190.0,1544.0,3839.0,3422.0,14999.0,11495.0,19964.0,18756.0,5226.0,6435.0
1998-07-07,22719.0,1452.0,3457.0,3215.0,13519.0,10235.0,18186.0,16907.0,4533.0,5812.0
1998-06-30,21881.0,790.0,4087.0,3148.0,13754.0,9087.0,17693.0,16323.0,4188.0,5559.0
1998-06-23,20755.0,736.0,4435.0,2683.0,13322.0,9037.0,16742.0,16155.0,4013.0,4600.0
1998-06-16,29250.0,471.0,5240.0,3919.0,18544.0,13645.0,22935.0,22804.0,6315.0,6447.0
1998-06-09,27247.0,656.0,4231.0,3665.0,17654.0,12854.0,21975.0,20750.0,5271.0,6496.0
1998-06-02,26367.0,862.0,4057.0,3325.0,17144.0,12618.0,21330.0,20001.0,5037.0,6366.0
1998-05-26,25289.0,728.0,3846.0,2810.0,17152.0,12662.0,20690.0,19318.0,4599.0,5970.0
1998-05-19,24975.0,637.0,3406.0,2789.0,17028.0,12549.0,20454.0,18745.0,4521.0,6230.0
1998-05-12,25427.0,804.0,3510.0,2958.0,17245.0,12511.0,21008.0,18980.0,4419.0,6447.0
1998-05-05,25461.0,1029.0,3553.0,2978.0,17018.0,12345.0,21025.0,18877.0,4436.0,6584.0
1998-04-28,25597.0,959.0,3458.0,2893.0,16730.0,12006.0,20581.0,18357.0,5016.0,7240.0
1998-04-21,24656.0,781.0,3594.0,2583.0,16527.0,11572.0,19891.0,17750.0,4765.0,6906.0
1998-04-14,26228.0,473.0,3855.0,2841.0,17851.0,12092.0,21164.0,18788.0,5064.0,7440.0
1998-04-07,24019.0,814.0,3581.0,2669.0,15781.0,11086.0,19264.0,17336.0,4755.0,6683.0
1998-03-31,21986.0,1257.0,3215.0,2410.0,13964.0,10473.0,17632.0,16098.0,4355.0,5888.0
1998-03-24,21389.0,1409.0,2870.0,2330.0,13777.0,10281.0,17517.0,15482.0,3872.0,5907.0
1998-03-17,31467.0,2586.0,3501.0,4966.0,18793.0,15328.0,26346.0,23796.0,5121.0,7671.0
1998-03-10,27830.0,2357.0,3602.0,4184.0,16262.0,13288.0,22804.0,21074.0,5026.0,6756.0
1998-03-03,28455.0,2777.0,3420.0,4603.0,16638.0,13551.0,24018.0,21574.0,4438.0,6882.0
1998-02-24,27306.0,2828.0,2655.0,3898.0,14373.0,13935.0,21098.0,20488.0,6208.0,6818.0
1998-02-17,29179.0,2459.0,2487.0,4068.0,15739.0,15086.0,22265.0,21641.0,6914.0,7538.0
1998-02-10,28466.0,2033.0,3197.0,3713.0,15848.0,14171.0,21594.0,21082.0,6871.0,7384.0
1998-02-03,27683.0,1942.0,4300.0,3628.0,16273.0,13469.0,21843.0,21397.0,5840.0,6285.0
1998-01-27,28344.0,2291.0,4759.0,3570.0,17196.0,14313.0,23057.0,22642.0,5287.0,5701.0
1998-01-20,26419.0,2960.0,4641.0,3246.0,15167.0,13249.0,21373.0,21135.0,5046.0,5283.0
1998-01-13,28669.0,2655.0,3203.0,3789.0,15611.0,15173.0,22055.0,22165.0,6615.0,6504.0
1998-01-06,25221.0,2588.0,2184.0,3376.0,15338.0,14897.0,21302.0,20458.0,3919.0,4763.0
1997-12-30,25181.0,2489.0,2128.0,3291.0,15527.0,15251.0,21307.0,20671.0,3875.0,4511.0
1997-12-23,25692.0,2720.0,2466.0,3021.0,16000.0,15842.0,21741.0,21329.0,3951.0,4363.0
1997-12-16,35393.0,1241.0,3169.0,4815.0,22738.0,20672.0,28794.0,28657.0,6599.0,6736.0
1997-12-09,34153.0,1215.0,2851.0,4472.0,22080.0,19279.0,27767.0,26602.0,6386.0,7552.0
1997-12-02,29539.0,1185.0,2936.0,3449.0,20186.0,16804.0,24821.0,23189.0,4718.0,6350.0
1997-11-25,28025.0,1233.0,3062.0,3228.0,18843.0,15266.0,23303.0,21556.0,4722.0,6469.0
1997-11-18,27100.0,1123.0,3246.0,3834.0,17532.0,14097.0,22489.0,21177.0,4611.0,5923.0
1997-11-11,26143.0,1077.0,2354.0,4080.0,16096.0,14069.0,21253.0,20503.0,4890.0,5640.0
1997-11-04,22596.0,1075.0,1695.0,3161.0,13512.0,12065.0,17748.0,16921.0,4849.0,5675.0
1997-10-28,19664.0,926.0,1027.0,2882.0,10339.0,10393.0,14146.0,14302.0,5517.0,5362.0
1997-10-21,13821.0,571.0,1080.0,1192.0,9364.0,8228.0,11127.0,10500.0,2694.0,3321.0
1997-10-14,10233.0,245.0,760.0,843.0,4882.0,3610.0,5970.0,5213.0,4263.0,5020.0
1997-10-07,4581.0,601.0,415.0,173.0,1921.0,1383.0,2694.0,1971.0,1887.0,2610.0
